{
  "0.0": {
    "top5": [
      379,
      2803,
      13.521227256510882
    ],
    "top25": [
      1844,
      2803,
      65.7866571530503
    ]
  },
  "0.05": {
    "top5": [
      348,
      2803,
      12.41526935426329
    ],
    "top25": [
      1872,
      2803,
      66.78558687120942
    ]
  },
  "0.1": {
    "top5": [
      348,
      2803,
      12.41526935426329
    ],
    "top25": [
      1872,
      2803,
      66.78558687120942
    ]
  },
  "0.15": {
    "top5": [
      348,
      2803,
      12.41526935426329
    ],
    "top25": [
      1872,
      2803,
      66.78558687120942
    ]
  },
  "0.2": {
    "top5": [
      348,
      2803,
      12.41526935426329
    ],
    "top25": [
      1872,
      2803,
      66.78558687120942
    ]
  },
  "0.25": {
    "top5": [
      348,
      2803,
      12.41526935426329
    ],
    "top25": [
      1872,
      2803,
      66.78558687120942
    ]
  },
  "0.3": {
    "top5": [
      348,
      2803,
      12.41526935426329
    ],
    "top25": [
      1872,
      2803,
      66.78558687120942
    ]
  },
  "0.35": {
    "top5": [
      348,
      2803,
      12.41526935426329
    ],
    "top25": [
      1872,
      2803,
      66.78558687120942
    ]
  },
  "0.4": {
    "top5": [
      348,
      2803,
      12.41526935426329
    ],
    "top25": [
      1872,
      2803,
      66.78558687120942
    ]
  },
  "0.45": {
    "top5": [
      348,
      2803,
      12.41526935426329
    ],
    "top25": [
      1872,
      2803,
      66.78558687120942
    ]
  },
  "0.5": {
    "top5": [
      348,
      2803,
      12.41526935426329
    ],
    "top25": [
      1872,
      2803,
      66.78558687120942
    ]
  },
  "0.55": {
    "top5": [
      348,
      2803,
      12.41526935426329
    ],
    "top25": [
      1872,
      2803,
      66.78558687120942
    ]
  },
  "0.6": {
    "top5": [
      348,
      2803,
      12.41526935426329
    ],
    "top25": [
      1872,
      2803,
      66.78558687120942
    ]
  },
  "0.65": {
    "top5": [
      348,
      2803,
      12.41526935426329
    ],
    "top25": [
      1872,
      2803,
      66.78558687120942
    ]
  },
  "0.7": {
    "top5": [
      348,
      2803,
      12.41526935426329
    ],
    "top25": [
      1872,
      2803,
      66.78558687120942
    ]
  },
  "0.75": {
    "top5": [
      348,
      2803,
      12.41526935426329
    ],
    "top25": [
      1872,
      2803,
      66.78558687120942
    ]
  },
  "0.8": {
    "top5": [
      348,
      2803,
      12.41526935426329
    ],
    "top25": [
      1872,
      2803,
      66.78558687120942
    ]
  },
  "0.85": {
    "top5": [
      348,
      2803,
      12.41526935426329
    ],
    "top25": [
      1872,
      2803,
      66.78558687120942
    ]
  },
  "0.9": {
    "top5": [
      348,
      2803,
      12.41526935426329
    ],
    "top25": [
      1872,
      2803,
      66.78558687120942
    ]
  },
  "0.95": {
    "top5": [
      348,
      2803,
      12.41526935426329
    ],
    "top25": [
      1872,
      2803,
      66.78558687120942
    ]
  },
  "1.0": {
    "top5": [
      348,
      2803,
      12.41526935426329
    ],
    "top25": [
      1872,
      2803,
      66.78558687120942
    ]
  }
}