{
  "baseline": {
    "5": [
      1867,
      3058,
      61.05297580117725
    ],
    "25": [
      2990,
      3058,
      97.77632439502943
    ]
  },
  "new": {
    "5": [
      1393,
      3058,
      45.55264879005886
    ],
    "25": [
      2812,
      3058,
      91.95552648790058
    ]
  }
}